commit_hash,tag_name,tag_message
c01ab7bdf616e13292824eaa2caa295234b4db1f,v1.0.17112823,
d8408b1d639092a9e10e81c95fe8221f95527340,v1.0.161231,
38869734bf70471eb8f5598b21c45de9ab92acee,v1.0.161217,
88f3cf5379bc82f3141bd3ca06cf6502670113a8,1.0,
