commit_hash,tag_name,tag_message
7e376701bcf87ba5e0a9fc28c02cfdd4af3b58fe,v2.0.0.4,
9a784073e96f1aa9e71692f12b8c029a115b5a41,v2.0.0.3,
714b5f417eebcb9ac4486f341eb89813a3c06d51,v1.0.20151113.01,
22e8d0fc2d9b7c1607b3d6def17bc8ce4ba2db7d,v1.0.20150920.01,
39ec6d6b6d8de7ae1f7d09a2322605d5e3b7f348,v1.0.20150830.01,
