commit_hash,tag_name,tag_message
2f554ea4a8d4d1673726ae2bbfc19c1a16db5717,v1.0.150710,v1.0.150710
fb1fd9d0aa89c0937369a84603f938512fe0c7b8,v1.0.150507,
69e5ba3f45303cc1ca4149323557ec7622f3829a,v1.0.140907,
dc5376d5171bd68dd7943178bcbea62a5ce00eab,v1.0.140405,
346aa4a59410e5be0c2fa52ac86caf06b3d1c914,v1.0.140212,
